Scope ID,Scope,Trade,Route,Material / component,Quantity basis,Unit,Specification,Release status,Source,Supplier quote,Buyer,Order reference,Received
PRE-01,Field survey + full-size room mockup,Lead builder,service,Field-survey record kit,1,set,"Dimension log, marked A01 plan, scale targets, room/object labels and photo index.",quote-ready,M-01…M-16,,,,
PRE-01,Field survey + full-size room mockup,Lead builder,service,Full-size layout tape,1,allowance,Low-residue floor-safe tape in at least two colors for bodies and occupied/service envelopes.,select after floor test,,,,,
PRE-01,Field survey + full-size room mockup,Lead builder,service,Temporary wall template film/paper,1,allowance,"Removable material for TV, instruments, mirrors and mounting-zone templates.",select after finish compatibility test,,,,,
PRE-02,Trade drawings + approval review,Lead builder,service,Field-verified coordination set,1,package,"Plans, elevations, reflected ceiling plan, details, schedules and revision log.",not issued,,,,,
PRE-02,Trade drawings + approval review,Lead builder,service,Submittal and release register,1,register,"Tracks shop drawings, samples, product data, calculations, approvals and hold points by guide item ID.",create,,,,,
PRE-02,Trade drawings + approval review,Lead builder,service,Permit/review record,1,record,"Written determination of landlord, building-official and inspection requirements.",obtain,,,,,
PRE-03,"Protection, removals + disposal",Lead builder,service,Floor and path protection,1,measured allowance,Non-staining breathable protection selected for retained LVP and corridor; taped without finish damage.,field-select,,,,,
PRE-03,"Protection, removals + disposal",Lead builder,service,Dust containment,1,set,"Poly barriers, zipper access, HEPA air control and vent protection compatible with occupied-building rules.",trade-select,,,,,
PRE-03,"Protection, removals + disposal",Lead builder,service,Asset labels and move log,1,set,"Unique removable labels, photos, destination log and cable tags for all retained equipment.",ready,,,,,
PRE-03,"Protection, removals + disposal",Lead builder,service,Protected storage/crates,1,measured allowance,"Padded, dry, secure storage sized after inventory.",field-size,,,,,
PRE-03,"Protection, removals + disposal",Lead builder,service,Disposal containers,1,allowance,Separated waste/recycling containers for only approved removals.,quote,,,,,
MIR-01,Five graduated antique-mirror arches,Glazier,custom,Graduated antique-mirror arch panels,5,custom panels,Illustrated 24-in widths and 80/86/92/86/80-in heights are template envelopes only; black-smoked antique appearance with approved gold-vein character.,hold fabrication,https://omegamirrorproducts.com/products/antique-mirrors/,,,,
MIR-01,Five graduated antique-mirror arches,Glazier,custom,Safety backing/lamination and edge finish,5,panel sets,Glass makeup and protected bottom/perimeter edges selected by glazier for the actual location.,engineer/glazier to specify,,,,,
MIR-01,Five graduated antique-mirror arches,Glazier,custom,Mechanical retention and verified backers,1,engineered set,"Substrate-specific backers, retainers, clips/channels and compatible setting materials; loads and fasteners by issued design.",not designed,,,,,
MIR-01,Five graduated antique-mirror arches,Glazier,custom,Perimeter interface trim,1,measured set,Black or brass interface pieces coordinated with wall finish and removable halo access.,sample/quote,,,,,
MIR-02,Lit ceiling mirror inset,Glazier + support designer,custom,Antique ceiling-mirror visual assembly,1,engineered assembly,96 x 96-in proposed visual zone; module sizes and joints determined after ceiling survey.,hold fabrication,https://omegamirrorproducts.com/products/antique-mirrors/,,,,
MIR-02,Lit ceiling mirror inset,Glazier + support designer,custom,Support frame/backer,1,engineered set,Independent support/load path sized to structure; removable access coordinated with lighting.,not designed,,,,,
MIR-02,Lit ceiling mirror inset,Glazier + support designer,custom,Mechanical retention and secondary safety provisions,1,engineered set,Supplier-designed hardware and fasteners for overhead use; adhesive is not the sole support.,not designed,,,,,
MIR-02,Lit ceiling mirror inset,Glazier + support designer,custom,Perimeter trim/access panels,1,set,Finished black interface concealing light source while preserving driver and retainer inspection access.,custom-detail,,,,,
BAR-01,Compact bar carcass,Millworker,custom,Cabinet carcass and finished panels,1,assembly,"48-in nominal run, proposed 26-in depth and 42-in finished counter height; cabinet-grade core, thickness and black finish set by approved shop drawing.",quote-ready after survey,,,,,
BAR-01,Compact bar carcass,Millworker,custom,Serviceable door/panel hardware,1,set,"Commercial hinges/slides, pulls or touch latches, removable fridge/service panels and stops; exact schedule pending design.",select in submittal,,,,,
BAR-01,Compact bar carcass,Millworker,custom,Leveling/toe-kick components,1,set,Adjustable levelers/shims and finished toe kick compatible with floor decision.,select in submittal,,,,,
BAR-01,Compact bar carcass,Millworker,custom,Ventilation grilles/openings,1,set,Keep candidate fridge front vent open and cabinet heat/service paths unobstructed.,coordinate,,,,,
BAR-01,Compact bar carcass,Millworker,custom,Backing/anchors,1,engineered set,Substrate-specific restraint and blocking identified on shop drawings.,field-dependent,,,,,
BAR-02,Black stone counter + support,Stone fabricator,custom,Honed black stone or approved quartz top,1,custom top,"Field-templated nominal 48 x 26-in top; exact material, thickness, slab/lot and eased edge selected by sample.",unselected,,,,,
BAR-02,Black stone counter + support,Stone fabricator,custom,Supports/brackets,1,engineered set,Continuous cabinet support plus any concealed brackets required by final thickness/overhang.,fabricator to design,,,,,
BAR-02,Black stone counter + support,Stone fabricator,custom,Compatible setting materials,1,set,Non-staining bedding/sealant approved by both surface and cabinet manufacturers.,select with material,,,,,
BAR-03,Smoked-glass bar front,Glazier,custom,Smoked safety-glass infill,1,field-sized set,"Tint/sample approved under 2700K light; glass type, thickness, edge and safety treatment by glazier.",unselected,,,,,
BAR-03,Smoked-glass bar front,Glazier,custom,Brushed-brass trim/retention,1,measured set,Profile and finish sample coordinated with glass edges and cabinet service panel.,unselected,,,,,
BAR-03,Smoked-glass bar front,Glazier,custom,Diffused backlight interface,1,set,Opaque/reflective backing and removable LED access coordinated with LGT-04.,custom-detail,,,,,
BAR-03,Smoked-glass bar front,Glazier,custom,Compatible setting/seal materials,1,set,"Non-staining materials approved for glass, metal and cabinet finish.",glazier to specify,,,,,
BAR-04,Backlit bottle shelves,Millworker,custom,Black-finished bottle shelves,2,custom shelves,"Nominal 48 L x 10 D in; exact core, thickness, edge and finish selected by shop drawing.",unselected,,,,,
BAR-04,Backlit bottle shelves,Millworker,custom,Rated shelf brackets/backing,2,sets,Concealed or approved brackets sized for bottles/glassware and fastened to verified backing.,not designed,,,,,
BAR-04,Backlit bottle shelves,Millworker,custom,Recessed LED channel covers,2,sets,Removable diffusers/covers and cable chase interface coordinated with LGT-04.,custom-detail,,,,,
BAR-04,Backlit bottle shelves,Millworker,custom,End stops or restraint detail,2,sets,Detail to reduce bottle movement where required by final shelf design.,designer review,,,,,
BAR-05,Front-venting glass-door beverage fridge,Millworker + electrician,buy,Zephyr Presrv PRB15C01CG beverage cooler,1,unit,15 W x 23.375 D x 33.875–34.875 H in; front-venting built-in candidate. Final model/finish must be reconfirmed.,candidate,https://docs.zephyronline.com/docs/specs/Presrv_PRB15C01CG_spec.pdf,,,,
BAR-05,Front-venting glass-door beverage fridge,Millworker + electrician,buy,Dedicated accessible receptacle/plug space,1,location,At least 1-in rear plug allowance plus code-compliant outlet placement; circuit by licensed electrician.,design required,,,,,
BAR-05,Front-venting glass-door beverage fridge,Millworker + electrician,buy,Hinge-side clearance,2.25,in minimum,Candidate manual minimum when adjacent to a wall; verify actual orientation.,verified candidate fact,,,,,
BAR-05,Front-venting glass-door beverage fridge,Millworker + electrician,buy,Floor/cabinet protection,1,set,Non-blocking pads/protection that do not obstruct leveling or front vent.,select,,,,,
BAR-06,Three black bar stools · fit study,Furniture,buy,JONATHAN Y Trinity 30-in backless bar stool,3,stools,"Target TCIN 89893519 / UPC 840011489117; black 17 W x 17 D-in metal body, 13.5-in round seat, 30-in seat height, gold metal hairpin legs/footrest, 275-lb published capacity, no assembly. Candidate only: three bodies span 53 in at the current 18-in centers and exceed the 48-in bar by 5 in.",candidate; full-size fit held,https://www.target.com/p/-/A-89893519,,,,
BAR-06,Three black bar stools · fit study,Furniture,buy,Finish-safe floor glides,3,sets,Confirm supplied feet and any added glide are compatible with the released floor; do not add a glide that destabilizes the hairpin base.,field-select,,,,,
KEY-01,Yamaha NU1X hybrid upright + bench,Piano supplier,retain,Yamaha AvantGrand NU1X,1,piano,Published 59.125 W x 18.25 D x 40.3125 H in; physical model and ownership must be confirmed.,owned-check,https://usa.yamaha.com/products/musical_instruments/pianos/avantgrand/nu1x/specs.html,,,,
KEY-01,Yamaha NU1X hybrid upright + bench,Piano supplier,retain,Piano bench,1,bench,"Identity, deployed envelope, finish and condition to be recorded in M-11.",unverified retained,,,,,
KEY-01,Yamaha NU1X hybrid upright + bench,Piano supplier,retain,Floor protection,1,set,Caster/cup/pad system approved for piano weight and final floor without restricting leveling.,select after floor decision,,,,,
KEY-01,Yamaha NU1X hybrid upright + bench,Piano supplier,retain,Power/audio leads,1,set,Existing or replacement leads labeled and routed without trip/service conflict.,inventory,,,,,
SEAT-01,Jennifer Taylor Home Alpine 90-inch sofa · Ebony Black Boucle,Furniture,buy,Jennifer Taylor Home Alpine sofa,1,sofa,"SKU 64190-3-MBB, Ebony Black boucle; use 90.5 W x 36 D x 27.5 H-in clearance envelope pending maker confirmation.",selected-reference,https://www.jennifertaylorhome.com/alpine-90-sherpa-sofa-ebony-black-boucle/,,,,
SEAT-01,Jennifer Taylor Home Alpine 90-inch sofa · Ebony Black Boucle,Furniture,buy,Manufacturer leg/assembly hardware,1,set,Use only supplied hardware and current manufacturer instructions.,included/verify,,,,,
SEAT-01,Jennifer Taylor Home Alpine 90-inch sofa · Ebony Black Boucle,Furniture,buy,Finish-safe floor protection,1,set,Pads/glides compatible with oak legs and final floor.,select,,,,,
SEAT-02,IKEA DYVLINGE swivel armchairs · Kelinge black,Furniture,buy,"IKEA DYVLINGE swivel chair, Kelinge black",2,chairs,"Article 805.708.31; 24.75 W x 29.5 D x 26.75 H in, 16.875-in seat; black textured polyester textile and chrome-color five-star base.",selected-reference,https://www.ikea.com/us/en/p/dyvlinge-swivel-chair-kelinge-black-80570831/,,,,
SEAT-02,IKEA DYVLINGE swivel armchairs · Kelinge black,Furniture,buy,Manufacturer assembly hardware,2,sets,Use supplied parts and current IKEA instructions; do not substitute.,included/verify,,,,,
SEAT-02,IKEA DYVLINGE swivel armchairs · Kelinge black,Furniture,buy,Finish-safe floor protection,2,sets,Compatible with five-star bases and final floor without impairing swivel.,select,,,,,
SEAT-03,Smoked-glass cocktail table,Furniture,custom,Custom smoked-glass cocktail table,1,table,"Preferred: quote 30-in diameter x approximately 16-in high, smoked/black tempered-glass top, black structural base and restrained brushed-brass rim/accent. Fabricator designs glass thickness, edge, support, stability and floor protection.",custom quote preferred; preserves render,,,,,
SEAT-03,Smoked-glass cocktail table,Furniture,custom,By-Boo Bunga dimensional reference,1,reference only,"Wayfair YBOO1890; 30-in diameter x 16-in high, black glass/conical black metal/gold rim. Exact visual/dimensional reference was out of stock when verified; do not order or imply availability.",out-of-stock reference,https://www.wayfair.com/furniture/pdp/by-boo-bunga-solid-coffee-table-yboo1890.html,,,,
SEAT-03,Smoked-glass cocktail table,Furniture,custom,17 Stories 30-in tinted-glass fallback,1,table,Wayfair W117302305; 30-in diameter x 17-in high. Candidate fallback only after Wayfair confirms the selected gold-base variant and tinted tempered-glass construction in writing because listing fields conflict.,candidate; specification held,https://www.wayfair.com/furniture/pdp/17-stories-modern-contemporary-metal-nested-base-tinted-tempered-glass-top-30-inch-round-coffee-table-for-living-room-w117302305.html,,,,
SEAT-03,Smoked-glass cocktail table,Furniture,custom,Floor-safe glides/pads,1,set,"Specified for the actual base, rug and finished floor; custom fabricator includes and documents them.",field-select,,,,,
SEAT-04,Dark patterned lounge rug + pad,Flooring + furniture,custom,Custom dark patterned low-pile lounge rug,1,rug,"Preferred when the rendered footprint must be preserved: nominal 120 x 108 in (10 x 9 ft), with approved fiber, pattern, bound/serged edge and cleanability.",custom option; preserves render,,,,,
SEAT-04,Dark patterned lounge rug + pad,Flooring + furniture,custom,"Ruggable Sloane Black Flatwoven + Standard Pad, 8 x 10",1,system,"SKU RUG-SYS-IND-RCT-CHN-SR007-08x10; charcoal/grey geometric cover with cream accents, 2-mm polyester cover/waterproof barrier plus required same-size nonslip Standard Pad. One foot narrower than the modeled 10 x 9-ft footprint.",candidate; full-size fit held,https://ruggable.com/products/sloane-black-rug?variant=41460137525303,,,,
SEAT-04,Dark patterned lounge rug + pad,Flooring + furniture,custom,"Ruggable Sloane Black Flatwoven + Standard Pad, 9 x 12 alternate",1,system,SKU RUG-SYS-IND-RCT-CHN-SR007-09x12; matches the modeled 9-ft short axis but extends 2 ft beyond its 10-ft long axis. Do not trim the cover or pad.,alternate; full-size fit held,https://ruggable.com/products/sloane-black-rug?variant=41460137558071,,,,
SEAT-04,Dark patterned lounge rug + pad,Flooring + furniture,custom,Custom rug pad for custom 10 x 9-ft rug,1,pad,"RugPadUSA Eco-Plush 1/4-in, 100% felt, custom-cut slightly inside rug perimeter; no grip layer, so use only if heavy furniture securely anchors the rug and Karndean confirms compatibility.",candidate for custom rug only,https://www.rugpadusa.com/products/eco-plush-1-4,,,,
FIN-01,Dark main-room floor,Flooring,buy,Karndean Van Gogh Rigid Core Ebony SCB89,14,cartons candidate,14 x 23.64 = 330.96 sq ft for current 328.63-sq-ft allowance; final field takeoff and lot required.,candidate,https://www.karndean.com/en-us/floors/products/ebony-scb89,,,,
FIN-01,Dark main-room floor,Flooring,buy,Transition/nosing profiles,1,measured set,"Exact profiles/finish for doors, sliders, booth and raised platforms after M-08/M-16.",unselected,,,,,
FIN-01,Dark main-room floor,Flooring,buy,Perimeter spacers and trim/base,1,measured set,Manufacturer-compatible expansion accessories and approved black/dark trim.,unselected,,,,,
FIN-01,Dark main-room floor,Flooring,buy,Subfloor preparation materials,1,field allowance,Patch/level/moisture products selected by installer for tested substrate.,field-dependent,,,,,
FIN-01,Dark main-room floor,Flooring,buy,Spare flooring,1,allowance,Owner spare quantity set after carton rounding and final cut plan.,not set,,,,,
FIN-02,Charcoal wall finish + acoustic retention,Finish contractor + acoustician,custom,Guilford FR701 style 2100 color 408 Black,1,field takeoff,66-in usable width; production sample/dye lot and measured yardage required.,candidate,https://www.guilfordofmaine.com/swatches/2100-408,,,,
FIN-02,Charcoal wall finish + acoustic retention,Finish contractor + acoustician,custom,FabriTRAK GeoTRAK black profiles,1,field takeoff,Final 0.5/1/1.375-in profile depth and linear footage selected with complete assembly.,candidate,https://www.fabritrak.com/products/geotrak,,,,
FIN-02,Charcoal wall finish + acoustic retention,Finish contractor + acoustician,custom,Acoustic core/backing,1,field takeoff,"Core type/thickness, fire/acoustic documentation and substrate compatibility by acoustician/dealer.",unselected,,,,,
FIN-02,Charcoal wall finish + acoustic retention,Finish contractor + acoustician,custom,Perimeter/corner/outlet/HVAC trim,1,measured set,Track transitions and removable access details for all interruptions.,unselected,,,,,
FIN-02,Charcoal wall finish + acoustic retention,Finish contractor + acoustician,custom,Charcoal finish for approved solid walls,1,measured scope,Maker/color/primer/sheens selected after mockup; never coat retained fabric.,unselected,,,,,
FIN-03,Black slat panels at bay returns,Finish carpenter,buy,WoodUpp Akupanel item 1029,5,panels minimum before waste,"94.49 x 23.62 x 0.866-in candidate, black wrapped slats on black felt; final count/cut plan required because wall is assumed 102 in high.",candidate,https://woodupp.com/products/akupanel,,,,
FIN-03,Black slat panels at bay returns,Finish carpenter,buy,Battens and cavity insulation,1,field takeoff,Only if approved assembly uses expanded acoustic build-up; dimensions/material/test documentation by designer.,unselected,,,,,
FIN-03,Black slat panels at bay returns,Finish carpenter,buy,Black termination/infill trim,1,measured set,Resolve 7.51-in height shortfall and all panel edges/joints.,unselected,,,,,
FIN-03,Black slat panels at bay returns,Finish carpenter,buy,Panel fasteners,1,scheduled set,Manufacturer/system fasteners matched to verified substrate and backing.,not released,,,,,
FIN-03,Black slat panels at bay returns,Finish carpenter,buy,Penetration/access trim,1,set,"For hangers, wiring, devices and removable service zones.",unselected,,,,,
FIN-04,"Ceiling, trim + exposed solid-surface paint",Painter,custom,"Benjamin Moore Aura Waterborne Interior Paint, Matte",1,painter takeoff,"SKU N522 in approved sampled black, such as Black 2132-10; published theoretical spread 350–400 sq ft/gal is not a buy quantity. Measure solid surfaces and price the substrate-specific coat schedule.",candidate; color/quantity held,https://store.benjaminmoore.com/storefront/us/en/coating/interior-paints/benjamin-moore/aura-interior-paint/aura/p/N522,,,,
FIN-04,"Ceiling, trim + exposed solid-surface paint",Painter,custom,Benjamin Moore substrate-specific primer/sealer/stain blocker,1,painter takeoff,Painter selects from the current Aura N522 TDS for each verified substrate and existing coating condition; no universal primer is specified.,field-dependent,https://media.benjaminmoore.com/WebServices/prod/assets/production/datasheets/TDS_0522/522_TDS_US.pdf,,,,
FIN-04,"Ceiling, trim + exposed solid-surface paint",Painter,custom,Benjamin Moore Scuff-X Interior Matte optional high-touch alternate,1,approved-area takeoff,SKU N484 in approved black formula for doors/trim or other high-touch solid surfaces only after side-by-side color/sheen mockup.,optional candidate,https://www.benjaminmoore.com/en-us/product/scuff-x-interior-paint-matte/N484,,,,
FIN-04,"Ceiling, trim + exposed solid-surface paint",Painter,custom,"Patch, prep, masking and protection materials",1,field allowance,"Painter selects fillers, abrasives, cleaners and low-tack/non-staining protection compatible with inspected substrates, mirrors, fabric, labels, devices and gear.",trade-select,,,,,
DESK-01,Fixed production desk + 12U rack,Millworker + AV,custom,Fixed production desk,1,custom assembly,Nominal 72 L x 32 D x 30 H in; top/core/edge/base/finish set after equipment fit.,unselected,,,,,
DESK-01,Fixed production desk + 12U rack,Millworker + AV,custom,12U rack enclosure,1,rack,"Maker, rail spacing/depth/load, ventilation and finish required; reuse only after verification.",unselected,,,,,
DESK-01,Fixed production desk + 12U rack,Millworker + AV,custom,Rack accessories,1,scheduled set,"Rails, cage nuts/screws, shelves, blank panels, ventilation/fans and rack power sized to final equipment.",unselected,,,,,
DESK-01,Fixed production desk + 12U rack,Millworker + AV,custom,Cable trays/grommets/service panels,1,set,"Removable, radius-safe cable management with labeled separation of power and signal.",unselected,,,,,
DESK-01,Fixed production desk + 12U rack,Millworker + AV,custom,Equipment restraints/arms,1,set,Console/display/monitor support selected from actual loads and service motions.,unselected,,,,,
DESK-01,Fixed production desk + 12U rack,Millworker + AV,custom,Backing/anchors/levelers,1,engineered set,Substrate-specific restraint and adjustable support on shop drawing.,not released,,,,,
TV-01,50-inch TV + low-profile mount,AV + carpenter,buy,TCL 50S551G dimensional reference,1,reference only,"Existing v1.4 geometry reference: 43.7 W x 25.4 H x 2.8 D in, 19.6 lb, VESA 300 x 300 mm. Retain for geometry history; not the current buy claim.",geometry reference,https://us.tcl.com/products/tcl-50-s-class-4k-uhd-hdr-led-smart-tv-with-google-tv-50s551g,,,,
TV-01,50-inch TV + low-profile mount,AV + carpenter,buy,TCL 50Q651G 50-in Q6 QLED Google TV,1,display,"Best Buy SKU 6579462; exact 43.7 W x 25.4 H x 2.8 D-in body without stand, 19.6 lb, black, VESA 300 x 300 mm; M6 x 12 top and M6 x 16 bottom screws per TCL specification. Same modeled cabinet envelope; candidate only until M-13.",candidate; purchase and M-13 held,https://us.tcl.com/products/q-class-4k-uhd-hdr-qled-smart-tv-with-google-tv?variant=44055800053825,,,,
TV-01,50-inch TV + low-profile mount,AV + carpenter,buy,SANUS Elite BLL2-B1 fixed mount,1,mount,"Best Buy SKU 5463303; black, 32–80-in listed range, 150-lb capacity, 0.67-in nominal wall offset, includes 300 x 300-mm interface. Compatibility and actual projection remain subject to SANUS confirmation and M-13.",candidate; wall fit held,https://www.sanus.com/en_US/products/tv-mounts/bll2/,,,,
TV-01,50-inch TV + low-profile mount,AV + carpenter,buy,Mount hardware/spacers and substrate fasteners,1,coordinated set,Use SANUS-supplied TV hardware/spacers and qualified-installer-selected wall fasteners for the verified wall assembly; do not infer anchors from the 150-lb mount rating.,field-dependent,,,,,
TV-01,50-inch TV + low-profile mount,AV + carpenter,buy,"Recessed/accessible power, data and signal set",1,set,"Code-compliant power/data interface, rated signal/control cables, connector bend allowance and service loop; no loose concealed power cord.",AV/electrical design required,,,,,
GTR-01,TV + guitar/bass mounting layout and structural backing,Carpenter + AV,custom,Structural backing for TV/instrument layout,1,field-fit set,Continuous or localized backing sized to approved full-size template; material/thickness/fasteners by attachment design.,not designed,,,,,
GTR-01,TV + guitar/bass mounting layout and structural backing,Carpenter + AV,custom,Instrument hangers,10,proposed display positions,Ten-position design target; six instruments listed in inventory. Final count follows M-13; String Swing CC01K or CC01 assigned per actual neck/weight/finish. No hanger order before full-size fit.,candidate,https://www.stringswing.com/guitar-hanger-hardwood-wall-mount-for-acoustic-and-electric-guitars/,,,,
GTR-01,TV + guitar/bass mounting layout and structural backing,Carpenter + AV,custom,Hanger substrate fasteners,1,scheduled set,"Per hanger, load and verified backing; do not use generic wall anchors without released detail.",not released,,,,,
GTR-01,TV + guitar/bass mounting layout and structural backing,Carpenter + AV,custom,Penetration/finish trim,1,set,Black trim/grommets coordinated with slat/fabric wall and removable access.,unselected,,,,,
GTR-02,Owned guitars and basses for TV wall,Greg + AV,retain,Owned guitar,1,listed instrument,"Physical model, dimensions, weight, finish and hanger fit to verify.",unverified retained,,,,,
GTR-02,Owned guitars and basses for TV wall,Greg + AV,retain,Additional instruments for remaining display positions,up to 4,held inventory / loan allowance,"Ten display positions minus six listed instruments. Reconcile existing unlisted instruments and any approved loans before considering purchases; model, size, finish, hanger and funding remain undecided.",inventory and display decision required; no purchase release,,,,,
GTR-02,Owned guitars and basses for TV wall,Greg + AV,retain,Owned basses,5,listed instruments,"Physical models, dimensions, weights, finishes and hanger fit to verify.",unverified retained,,,,,
GTR-02,Owned guitars and basses for TV wall,Greg + AV,retain,Protective cases/storage,6,sets,Retain accessible storage for any instrument not approved for display.,inventory,,,,,
LGT-01,Perimeter cove tape + channel,Lighting supplier + electrician,buy,Diode LED BLAZE 100 2700K tape,71.76,linear ft net,Part DI-24V-BLBSC1-27-016 candidate; field perimeter and waste/run split required.,candidate,https://www.diodeled.com/blaze.html,,,,
LGT-01,Perimeter cove tape + channel,Lighting supplier + electrician,buy,Diode LED S1 black channel bundle with classic frosted lens,1,field takeoff,"SKU DI-CHB-S1-96B, 96-in straight lengths; field takeoff, cut plan, waste and spare lenses required. Confirm quoted bundle contents.",candidate,https://www.diodeled.com/s1-channel.html,,,,
LGT-01,Perimeter cove tape + channel,Lighting supplier + electrician,buy,Diode LED S1 black accessory pack,1,scheduled set,SKU DI-CHB-S1-ACCB; quantity by joint/end/feed schedule after distributor deducts accessories included in each channel bundle.,candidate,https://www.diodeled.com/s1-channel.html,,,,
LGT-01,Perimeter cove tape + channel,Lighting supplier + electrician,buy,Diode-compatible feeds/leads/connectors/Class 2 wire,1,scheduled set,"Project-specific CLICKTIGHT PRO connectors or supplier-approved factory/soldered leads, polarity-correct connections and conductor sizing from the signed run/voltage-drop schedule.",design required,https://www.diodeled.com/custom/download/productFile/filename/CLICKTIGHT-PRO-Installation%20Guide.pdf/,,,,
LGT-01,Perimeter cove tape + channel,Lighting supplier + electrician,buy,Diode LED OMNIDRIVE Basics 24V 96W Class 2 drivers,1,load schedule,"SKU DI-ODBELV-24V96W-LPS; count by zone, connected watts, conductor length and voltage drop, with accessible ventilated locations.",candidate,https://www.diodeled.com/custom/download/productFile/filename/DI-ODBELV-Specification%20Sheet.pdf,,,,
LGT-02,Arch backlight tape + channel,Lighting supplier + glazier,buy,Diode LED BLAZE 100 24V 2700K tape candidate,76.37,linear ft net,SKU DI-24V-BLBSC1-27-016 may serve straight legs; 3.93-in cut points and 55-ft maximum run per feed. Curved arch-head source/channel remains supplier-designed and manufacturer-approved.,candidate for straight segments; curve unresolved,https://www.diodeled.com/blaze.html,,,,
LGT-02,Arch backlight tape + channel,Lighting supplier + glazier,buy,Straight/flexible black channels and diffusers,1,field-template takeoff,Distinct components may be required for verticals and curved heads.,unselected,,,,,
LGT-02,Arch backlight tape + channel,Lighting supplier + glazier,buy,End caps/clips/joiners,1,scheduled set,Count from five field templates and supplier detail.,unselected,,,,,
LGT-02,Arch backlight tape + channel,Lighting supplier + glazier,buy,Individual concealed feeds/leads,5,minimum runs,One serviceable feed strategy per arch unless supplier design states otherwise.,design required,,,,,
LGT-02,Arch backlight tape + channel,Lighting supplier + glazier,buy,Diode LED OMNIDRIVE Basics 24V 96W Class 2 drivers,1,load schedule,SKU DI-ODBELV-24V96W-LPS candidate; quantity/load/voltage-drop and accessible locations coordinated under LGT-07.,candidate pending signed load schedule,https://www.diodeled.com/custom/download/productFile/filename/DI-ODBELV-Specification%20Sheet.pdf,,,,
LGT-03,Ceiling inset perimeter backlight,Lighting supplier + glazier,buy,Diode LED BLAZE 100 24V 2700K tape,32,linear ft net,Four sides of nominal 96 x 96-in zone; final module/perimeter field dimensions control. Candidate SKU DI-24V-BLBSC1-27-016; cut only at 3.93-in marks and keep each feed within the 55-ft published limit.,candidate,https://www.diodeled.com/blaze.html,,,,
LGT-03,Ceiling inset perimeter backlight,Lighting supplier + glazier,buy,Diode LED S1 black channel bundle with classic frosted lens,1,field takeoff,Candidate SKU DI-CHB-S1-96B in straight 96-in lengths; profile must conceal source from seated views and remain removable.,candidate,https://www.diodeled.com/s1-channel.html,,,,
LGT-03,Ceiling inset perimeter backlight,Lighting supplier + glazier,buy,Diode LED S1 accessory packs/corners,1,scheduled set,"Candidate SKU DI-CHB-S1-ACCB plus supplier-approved corner/join detail; exact pieces from panel, feed and service-access design.",candidate; quantity unresolved,https://www.diodeled.com/s1-channel.html,,,,
LGT-03,Ceiling inset perimeter backlight,Lighting supplier + glazier,buy,Feeds/leads and OMNIDRIVE Basics 96W drivers,1,load schedule,Driver candidate SKU DI-ODBELV-24V96W-LPS; count/load/wire/voltage drop coordinated in LGT-07 outside unsupported mirror area.,design required,https://www.diodeled.com/custom/download/productFile/filename/DI-ODBELV-Specification%20Sheet.pdf,,,,
LGT-04,Shelf + counter accent tape,Lighting supplier + millworker,buy,Diode LED BLAZE 100 24V 2700K tape,12,linear ft net,Two 48-in shelves plus one 48-in counter accent; final millwork dimensions control. Candidate SKU DI-24V-BLBSC1-27-016; cut only at 3.93-in marks and keep each feed within the 55-ft published limit.,candidate,https://www.diodeled.com/blaze.html,,,,
LGT-04,Shelf + counter accent tape,Lighting supplier + millworker,buy,Diode LED S1 black channel bundle with classic frosted lens,3,runs,Candidate SKU DI-CHB-S1-96B; millworker confirms whether the straight surface/millwork profile suits each routed recess and remains removable.,candidate,https://www.diodeled.com/s1-channel.html,,,,
LGT-04,Shelf + counter accent tape,Lighting supplier + millworker,buy,Diode LED S1 accessory packs plus feeds/leads,3,run sets,"Candidate SKU DI-CHB-S1-ACCB, with project-specific CLICKTIGHT PRO or supplier-approved leads; exact count per millwork feed/joint schedule.",candidate; quantity unresolved,https://www.diodeled.com/s1-channel.html,,,,
LGT-04,Shelf + counter accent tape,Lighting supplier + millworker,buy,Diode LED OMNIDRIVE Basics 24V 96W Class 2 driver,1,load group,"Candidate SKU DI-ODBELV-24V96W-LPS; quantity/load/location from signed schedule, accessible and clear of bottles/fridge intake.",design required,https://www.diodeled.com/custom/download/productFile/filename/DI-ODBELV-Specification%20Sheet.pdf,,,,
LGT-05,Main-room 4 in downlights,Electrician,buy,Nora NM4-RDC27BB 4-in black downlight,6,fixtures,"2700K matte-black candidate, 15W, 3.5-in cutout, 4.875-in module height.",candidate,https://noralighting.com/product/nm4-rdc/,,,,
LGT-05,Main-room 4 in downlights,Electrician,buy,Remote drivers/junction components,6,fixture sets,Use exact listed components supplied/approved with selected fixture.,included/verify,,,,,
LGT-05,Main-room 4 in downlights,Electrician,buy,Compatible dimmer/control interface,1,zone set,Final device from LGT-07 compatibility test.,unselected,,,,,
LGT-05,Main-room 4 in downlights,Electrician,buy,Extension/access accessories,1,scheduled set,Only manufacturer-listed components; driver stays accessible.,field-dependent,,,,,
LGT-06,Guitar-wall track + four heads,Electrician,buy,"WAC 4-ft 120V single-circuit H Track, black",1,track,"SKU HT4-BK; 4-ft H-style track section. Feed, end cap and support hardware are separate and selected after ceiling/junction survey.",candidate,https://waclighting.com/product/h-track/,,,,
LGT-06,Guitar-wall track + four heads,Electrician,buy,WAC Silo X20 black H-track heads,4,heads,"SKU H-2020-927-BK; 20W, 2700K, 90 CRI, adjustable 15–50-degree beam. Four heads total 80W nominal; mock up beam and glare with actual TV/instruments.",candidate,https://waclighting.com/product/silo-x20/,,,,
LGT-06,Guitar-wall track + four heads,Electrician,buy,WAC H-track black live-end/feed and end cap,1,coordinated set,"Electrician selects exact WAC H-family feed after confirming feed side, grooved-side polarity and junction geometry; do not guess the feed SKU.",field-select,https://waclighting.com/product/h-track/,,,,
LGT-06,Guitar-wall track + four heads,Electrician,buy,Mounting/backing fasteners,1,released set,Qualified installer selects for verified ceiling structure and the WAC instructions; track/head ratings do not establish support capacity.,not released,,,,,
LGT-06,Guitar-wall track + four heads,Electrician,buy,Compatible dimmer/control,1,zone,Coordinated in LGT-07 and approved by full/low-output and camera-flicker mockup.,unselected,,,,,
LGT-07,Lighting control + matched drivers,Electrician + AV,custom,Lighting control processor/interface,1,engineered package,"One user interface with independent cove, downlight, mirror, bar/shelf, track and booth zones; DMX versus phase/ELV architecture unresolved.",not designed,,,,,
LGT-07,Lighting control + matched drivers,Electrician + AV,custom,Matched dimmers/relays,1,load schedule,One or more devices per signed load/fixture compatibility schedule.,unselected,,,,,
LGT-07,Lighting control + matched drivers,Electrician + AV,custom,24V drivers,1,load schedule,Accessible matched drivers sized per tape run and Class 2 limits; OMNIDRIVE 96W is candidate.,candidate,https://www.diodeled.com/blaze.html,,,,
LGT-07,Lighting control + matched drivers,Electrician + AV,custom,Keypads/labels,1,set,Scene interface and engraved/plain-language labels approved by Greg.,unselected,,,,,
LGT-07,Lighting control + matched drivers,Electrician + AV,custom,Driver/control enclosures and access panels,1,set,Ventilated/code-compliant accessible locations.,unselected,,,,,
PWR-01,Surveyed electrical + low-voltage work,Electrician + AV,service,Branch-circuit/receptacle work,1,engineered scope,"Circuits, breakers, conductor/raceway and device types/quantities derive from licensed survey and load design.",not designed,,,,,
PWR-01,Surveyed electrical + low-voltage work,Electrician + AV,service,Receptacles/boxes/plates,1,device schedule,"Locations for AV, TV, fridge, lighting and general use; exact ratings and finishes by electrical schedule.",unselected,,,,,
PWR-01,Surveyed electrical + low-voltage work,Electrician + AV,service,Low-voltage pathways,1,route schedule,"Separate labeled pathways for analog, digital, network, display and member-laptop connections.",not designed,,,,,
PWR-01,Surveyed electrical + low-voltage work,Electrician + AV,service,Cable supports/trays/grommets,1,measured set,"Accessible, bend-radius-safe components coordinated with desk/rack and millwork.",unselected,,,,,
PWR-01,Surveyed electrical + low-voltage work,Electrician + AV,service,Labels and as-built directory,1,set,"Permanent circuit, pathway and endpoint labels.",required,,,,,
AV-01,Retained AV + plug-and-play commissioning,AV engineer,service,Retained AV/electronics inventory,1,verified set,"PMC/HS8/Turbosound, interfaces, Trinnov, sub, rack electronics, Korg and member-laptop station; identities/conditions to reconcile.",owned-check,,,,,
AV-01,Retained AV + plug-and-play commissioning,AV engineer,service,Rack hardware and cable management,1,scheduled set,"Shelves, blanks, cage hardware, ventilation, trays and strain relief from final rack elevation.",unselected,,,,,
AV-01,Retained AV + plug-and-play commissioning,AV engineer,service,Audio/data/display cables and adapters,1,pull schedule,"Types, lengths, connectors and spares from signal-flow and pathway plan.",unselected,,,,,
AV-01,Retained AV + plug-and-play commissioning,AV engineer,service,R-number cable labels,1,complete set,Durable label at both ends/head plus patch/rack records.,required,,,,,
AV-01,Retained AV + plug-and-play commissioning,AV engineer,service,PA pole/base restraint and floor protection,1,set,Actual load/footprint/aim and occupied-path stability to verify.,unverified,,,,,
BOO-01,Booth fabric/absorber work + cloud review,Acoustician + carpenter,custom,Wall absorber assemblies,6,provisional panels,"Nominal 24 x 48 x 2 in only; core, frame, fabric, fire data and final quantity follow M-14 design.",provisional,,,,,
BOO-01,Booth fabric/absorber work + cloud review,Acoustician + carpenter,custom,Ceiling cloud assembly,1,provisional cloud,"Nominal 48 x 48 in only; weight, suspension, air gap and secondary safety by qualified design.",provisional,,,,,
BOO-01,Booth fabric/absorber work + cloud review,Acoustician + carpenter,custom,Acoustic fabric/trim,1,field takeoff,Finish selected with complete panel/core test documentation.,unselected,,,,,
BOO-01,Booth fabric/absorber work + cloud review,Acoustician + carpenter,custom,Wall mounting hardware/backing,1,engineered set,Substrate-specific supports from treatment elevation.,not designed,,,,,
BOO-01,Booth fabric/absorber work + cloud review,Acoustician + carpenter,custom,Cloud suspension/support,1,engineered set,Structure-specific suspension and safety provisions; no generic anchors.,not designed,,,,,
BOO-02,Booth floor finish + retained rug,Flooring,custom,Charcoal low-pile carpet tile or approved acoustic floor,1,field takeoff,Final product/SKU/color/tile size follows curved booth and vestibule template.,unselected,,,,,
BOO-02,Booth floor finish + retained rug,Flooring,custom,Manufacturer-approved adhesive/tackifier,1,coverage takeoff,Compatible with tested substrate and future service/removal intent.,unselected,,,,,
BOO-02,Booth floor finish + retained rug,Flooring,custom,Subfloor prep materials,1,field allowance,Patch/level/moisture system selected after M-08.,field-dependent,,,,,
BOO-02,Booth floor finish + retained rug,Flooring,custom,Slider/threshold/edge transitions,1,measured set,Low-profile profiles that preserve both slider tracks and kit access.,unselected,,,,,
BOO-02,Booth floor finish + retained rug,Flooring,custom,Retained Persian rug,1,rug,"Condition, exact size, cleaning and keep/remove decision to record.",retained-check,,,,,
BOO-03,Booth warm lights + service checks,Electrician + HVAC + AV,service,4-in 2700K booth downlights,2,fixtures,Exact fixture/black trim/driver selected after cloud/ceiling survey; may use approved Nora family if compatible.,unselected,https://noralighting.com/product/nm4-rdc/,,,,
BOO-03,Booth warm lights + service checks,Electrician + HVAC + AV,service,Separate booth dimmer/control,1,zone set,Independent of lounge with usable task-light scene.,unselected,,,,,
BOO-03,Booth warm lights + service checks,Electrician + HVAC + AV,service,HVAC service/balance parts,1,field allowance,No parts selected until airflow/noise/access survey identifies need.,field-dependent,,,,,
BOO-03,Booth warm lights + service checks,Electrician + HVAC + AV,service,AV/service cable hardware,1,field allowance,"Mic, TV, desk and kit route supports/labels from booth AV schedule.",unselected,,,,,
CLOSE-01,"Styling, spare materials + handover",Lead builder + Greg,service,Approved plant and vessel,1,set,"Live/faux decision, size and maintenance selected to avoid speakers, instruments and service paths.",unselected,,,,,
CLOSE-01,"Styling, spare materials + handover",Lead builder + Greg,service,Restrained brass/black accessories,1,curated set,Quantities and shelf loads approved after room commissioning.,unselected,,,,,
CLOSE-01,"Styling, spare materials + handover",Lead builder + Greg,service,Flameless candles,1,set,Battery/rechargeable only; no open flame.,unselected,,,,,
CLOSE-01,"Styling, spare materials + handover",Lead builder + Greg,service,Spare finish materials,1,handover set,"Labeled paint, flooring, fabric, slat, LED and trim spares by installed lot.",required,,,,,
CLOSE-01,"Styling, spare materials + handover",Lead builder + Greg,service,Operations/as-built binder,1,digital+print set,"As-builts, submittals, warranties, cleaning, patch/circuit/signal maps, driver/access photos and open items.",required,,,,,
