ID,Category,Item,Quantity allowance,Unit,Trade,Specification,Release condition,Status,Source basis,Product source URLs
PRE-01,Prepare,Field survey + full-size room mockup,1,visit,Lead builder,"Laser + tape survey; photograph all eight corners, door swings, booth vestibule, both raised platforms, ceiling, services, and existing gear. Tape full furniture and occupied-seat envelopes on the floor.",Record M-01 through M-16; Greg approves the occupied mockup before custom work.,Arrange now,Current brief + new coordination scope,
PRE-02,Prepare,Trade drawings + approval review,1,package,Lead builder,"Coordinated millwork, glazing/support, lighting/power, floor-transition and acoustic details. Confirm landlord and city review required for the selected scope.",Lead builder confirms review route and inspection points before strip-out.,Quote now,New coordination scope,
PRE-03,Prepare,"Protection, removals + disposal",1,scope,Lead builder,"Document and label retained gear; move to protected storage; protect corridor and sliders; isolate power for two main-room troffers and booth troffer. Retain doors, HVAC access and absorption pending review.",Safe isolation and staged room closure; no blind demolition of fabric or ceiling.,Quote now,Current brief + booth photos,
MIR-01,Mirrors,Five graduated antique-mirror arches,5,panels,Glazier,"Current illustration proposes five 24 in wide arches at 80 / 86 / 92 / 86 / 80 in high, each with a semicircular 12 in head radius. Proposed centers are x 13.5, 43.3, 73.14, 103.0 and 132.8 in, spanning x 1.5 to 144.8 in overall. These are custom-design coordinates, not room measurements or glass cut sizes. Black smoked antique appearance with gold veining; approve an illuminated sample and field-template every shape, gap, edge and support.","M-03 + M-12 + M-07; glazier confirms field templates, glass build-up, weight, retention, edge protection and compatible materials before fabrication.",Hold custom order,Current full-room illustration; all custom dimensions proposed,https://omegamirrorproducts.com/products/antique-mirrors/
MIR-02,Mirrors,Lit ceiling mirror inset,1,assembly,Glazier + support designer,"Proposed 96 × 96 in visual zone, surface-applied beneath the flat ceiling. Finish to match arches; removable service access. Panel modules, thickness, backing, anchors and total weight are by the support designer.",M-03 + M-07 + M-09 / M-10; approved overhead assembly and structural load path. Adhesive alone is not a released detail.,Hold custom order,Approved concept; structural assembly unknown,https://omegamirrorproducts.com/products/antique-mirrors/
BAR-01,Bar + piano,Compact bar carcass,1,assembly,Millworker,"48 in long × 26 in deep × 42 in finished counter height proposed at planning center x 13, z 160, rotation 270 degrees. The current model leaves 16.4375 in between the 48 in bar body and the 59.125 in NU1X body; this is a proposed location, not a taped fact. Black finish, serviceable fridge bay, clear front vent and accessible outlet. Zephyr candidate needs 23⅜ in body depth + 1 in rear clearance; final field layout and shop drawing control.","M-12 / M-11; field-test the 16.4375 in modeled piano-to-bar gap, appliance cutout, open door, ventilation, cable/plug space and current occupied furniture mockup. Increase depth if the chosen fridge requires it.",Hold custom order,Current ReferenceLayout.affordable proposal; physical envelope and fit require M-12,
BAR-02,Bar + piano,Black stone counter + support,1,top,Stone fabricator,"48 × 26 in nominal top, honed black stone or approved quartz sample; eased edge. Finished counter top 42 in AFF. Template after carcass installation; fabricator details thickness, joints and supported overhangs.",Installed carcass surveyed; refrigerator and three-stool fit resolved.,Hold custom order,Current brief; nominal dimensions,
BAR-03,Bar + piano,Smoked-glass bar front,1,set,Glazier,Field-sized smoked-glass infill with brushed brass trim and warm diffused backlight. Keep refrigerator ventilation and service panel clear. Specify appropriate safety glazing and retention for this location.,Millwork shop drawing and lit glass sample approved.,Hold custom order,Approved concept,
BAR-04,Bar + piano,Backlit bottle shelves,2,shelves,Millworker,48 L × 10 D in nominal; proposed shelf tops 60 and 78 in AFF. Black finish; recessed diffused LED; hidden cable route and removable channel cover. Brackets/backing designed for bottles and glassware.,"M-12 / M-11 + M-07; backing, shelf load and bottle-height mockup approved.",Hold custom order,Current element schedule; dimensions proposed,
BAR-05,Bar + piano,Front-venting glass-door beverage fridge,1,unit,Millworker + electrician,"Built-in-rated narrow glass-door model, black finish; blue interior light is visual intent. Size the cabinet from the selected installation manual, including door swing and ventilation.",Verify product cutout and depth before BAR-01 shop drawings; do not enclose a freestanding appliance.,Select + verify fit,Current brief,https://docs.zephyronline.com/docs/specs/Presrv_PRB15C01CG_spec.pdf
BAR-06,Bar + piano,Three black bar stools · fit study,3,stools,Furniture,Approx. 30 in seat height with foot rings for 42 in counter. Source placeholders are 15 in diameter at 18 in centers; allow actual occupied envelopes in the mockup.,"M-12 / M-11. A 48 in bar provides only 16 in of run per person for three seats. Confirm a workable arrangement or obtain Greg's layout decision. Sourced 17 in-body candidate needs 53 in at current centers, exceeding the 48 in bar.",Hold fit decision,Three stools fixed in brief; spacing unresolved,https://www.target.com/p/-/A-89893519
KEY-01,Bar + piano,Yamaha NU1X hybrid upright + bench,1,set,Piano supplier,"Yamaha NU1X polished ebony: manufacturer lists 59⅛ W × 18¼ D × 40⁵⁄₁₆ H in. Current proposed pose is center x 9.5, z 90, rotation 270 degrees, north of the bar; its body spans z 60.4375 to 119.5625 in the model. The modeled 16.4375 in gap to the bar is proposed, not a taped fact. Confirm exact model and ownership; the brief understated width by 1⅝ in. NU1XA is a separate substitution.","M-11 + M-12 + M-15; field-test proposed pose and gap, confirm model, bench/playing clearance, current occupied furniture fit and delivery route. Inventory does not establish NU1X ownership.",Verify ownership,Current ReferenceLayout.affordable proposal + Yamaha body dimensions; field fit remains open,https://usa.yamaha.com/products/musical_instruments/pianos/avantgrand/nu1x/specs.html
SEAT-01,Lounge,Jennifer Taylor Home Alpine 90-inch sofa · Ebony Black Boucle,1,sofa,Furniture,"Selected SKU 64190-3-MBB: use 90.5 W × 36 D × 27.5 H in for planning; the official dimension graphic says 90.5 W while the text specification says 90 W, so confirm with the manufacturer. Seat 70.5 W × 24 D × 17.5 H in; arm 27.5 H in. Ebony black boucle over an oak frame with wedge legs; gently rounded profile, not a true half-moon.","M-12 + M-15; tape the conservative 90.5 × 36 in body plus occupied clearance, confirm the complete delivery route and room entry, resolve the half-inch published-width discrepancy, verify current $1,252.99 price and stated ready-to-ship timing before ordering, and inspect the exact black boucle sample/return terms.","Selected reference; direct listing showed $1,252.99 and ready to ship in 5 business days",Jennifer Taylor Home direct product listing checked 2026-09-28,https://www.jennifertaylorhome.com/alpine-90-sherpa-sofa-ebony-black-boucle/
SEAT-02,Lounge,IKEA DYVLINGE swivel armchairs · Kelinge black,2,chairs,Furniture,"Selected article 805.708.31: each 24.75 W × 29.5 D × 26.75 H in with 16.875 in seat height. Black Kelinge corduroy upholstery with a chrome-color five-star swivel base; not leather. Selected sofa plus chair pair totals $1,650.99 before tax, $4,939.01 less than the prior HAY chair pair alone.","M-12 + M-15; tape both bodies and full occupied swivel envelopes, approve the low seat height and route, then verify local stock, current $199 each price, delivery and return terms before ordering.",Selected reference; IKEA listing showed $199 each ($398 pair),IKEA direct product listing checked 2026-09-28,https://www.ikea.com/us/en/p/dyvlinge-swivel-chair-kelinge-black-80570831/
SEAT-03,Lounge,Smoked-glass cocktail table,1,table,Furniture,30 in diameter × 16 in high proposed. Black pedestal and smoked-glass top. Recheck actual sofa-to-table access in mockup.,"M-12; tape the current table, sofa and occupied chair envelopes before release.",Hold fit decision,Current model envelope,https://www.wayfair.com/furniture/pdp/by-boo-bunga-solid-coffee-table-yboo1890.html
SEAT-04,Lounge,Dark patterned lounge rug + pad,1,set,Flooring + furniture,"120 × 108 in nominal custom size from source model; charcoal medallion/pattern and low pile. Select edge treatment and pad compatible with the chosen floor. Ruggable Sloane Black 8 × 10 ft is a standard-size candidate, 12 in narrower; its system includes the pad. The room image remains unchanged.",Final furniture footprint and clear circulation confirmed; do not cover thresholds or ventilation.,Sample now,Approved concept; custom size proposed,https://ruggable.com/products/sloane-black-rug?variant=41460137525303
FIN-01,Finishes,Dark main-room floor,328.63,sq ft allowance,Flooring,Published 298.75 sq ft room area × 1.10 waste = 328.63 sq ft before carton rounding. Karndean Ebony SCB89 candidate: 14 cartons × 23.64 = 330.96 sq ft. Remove existing floating LVP for this product; preserve boards where feasible. Keep-oak + rug alternative requires Greg’s finish decision.,"M-01 + M-08; reconcile published area to the field survey, then approve moisture/flatness, underlayment, thresholds, door clearances and final installed buildup.",Sample + quote,Original Magicplan record + proposed 10% waste; field reconciliation required,https://www.karndean.com/en-us/floors/products/ebony-scb89
FIN-02,Finishes,Charcoal wall finish + acoustic retention,1,measured scope,Finish contractor + acoustician,Remove the visual chair-rail division through a coordinated trim/fabric detail. Keep existing absorptive construction until assessed; re-cover in charcoal acoustically suitable fabric where retained. Plaster only approved solid surfaces.,M-07 + M-14; finish sample and acoustic scope approved. Gross wall area is only an estimating upper bound.,Sample + quote,Visual intent with proposed acoustic-preserving approach,https://www.fabritrak.com/products/geotrak | https://www.guilfordofmaine.com/swatches/2100-408
FIN-03,Finishes,Black slat panels at bay returns,66.08,sq ft net,Finish carpenter,"Two nominal returns: 47.23 and 46.06 in long × 102 in high. Black wood slats and black backing. Obtain tested assembly data; coordinate joints, hanger backing and service access. The 94.49 in WoodUpp candidate is 7.51 in short of 102 in; agree a joint or taller product before ordering.","M-01 / M-02 + M-03 + M-13 / M-11; panel size, fire-performance documentation and return angles approved.",Sample + quote,Derived return lengths; ceiling unverified,https://woodupp.com/products/akupanel
FIN-04,Finishes,"Ceiling, trim + exposed solid-surface paint",1,scope,Painter,"Matte black ceiling and cove fascia; compatible dark finish on approved solid walls and trim. Sample sheen under actual 2700K light. Keep paint off acoustic fabric, equipment and labels.",Patch/rough-in inspection complete; substrate prep and finish samples approved.,Quote now,Current visual brief,
DESK-01,Studio + guitars,Fixed production desk + 12U rack,1,set,Millworker + AV,"72 L × 32 D × 30 H in nominal desk along bay face; console secured, rack under north end, removable cable trays, clear knees and accessible service. Reuse suitable owned desk/rack if verified.","M-02 + M-11 + M-13; confirm bay dimensions, PMC identity, rack depth/heat, exact console, display and engineer-chair clearance.",Survey + quote,Current brief; product fit unverified,
TV-01,Studio + guitars,50-inch TV + low-profile mount,1,display,AV + carpenter,"Manufacturer body without stand: 43.7 W × 25.4 H × 2.8 D in, 19.6 lb, VESA 300 × 300. Proposed right-wall pose centers the body at x 184.81, z 129 and 67.7 in AFF, with face x 183.41, bottom 55 and top 80.4 in AFF. Place between bay instruments G-06 and G-07. TCL 50Q651G is the available same-body-size candidate with a SANUS BLL2-B1 mount; the 50S551G remains the rendering reference.","M-02 + M-07 + M-11 + M-13. Verify purchased 50Q651G and BLL2-B1 manuals, wall structure, connectors, ventilation, glare, desk sightline and instrument-removal arcs. Nominal combined depth is 3.47 in before plug and service allowances.",Current purchase candidate; wall fit held,TCL manufacturer body data + evidence/right-wall-tv-layout-v1.4.md,https://us.tcl.com/products/q-class-4k-uhd-hdr-qled-smart-tv-with-google-tv?variant=44055800053825 | https://www.sanus.com/en_US/products/tv-mounts/bll2/ | https://us.tcl.com/products/tcl-50-s-class-4k-uhd-hdr-led-smart-tv-with-google-tv-50s551g
GTR-01,Studio + guitars,TV + guitar/bass mounting layout and structural backing,1,field-fit set,Carpenter + AV,"Mount the selected TV between the right-wall instruments. Template the actual TV body, mount, connectors, instrument headstocks, bodies, yokes and removal arcs at full size before locating backing or drilling. Final hanger count follows the field-fit elevation.","M-02 + M-07 + M-11 + M-13. Greg approves the tested TV-and-instrument elevation before holes, backing heights or device locations are fixed.",Hold field-fit decision,Current v1.5 direction; actual instruments and TV control fit,https://www.stringswing.com/guitar-hanger-hardwood-wall-mount-for-acoustic-and-electric-guitars/
GTR-02,Studio + guitars,Owned guitars and basses for TV wall,6,listed instruments,Greg + AV,"Reconcile the listed one guitar and five basses against the instruments physically present. Record model, overall size, weight, finish, yoke position and removal arc for each; do not assume that every listed instrument fits with the TV.",M-11 inventory reconciled and M-13 field-fit elevation approved. Display only the count that safely fits with the selected TV.,Inventory + field fit first,Current brief: 1 guitar + 5 basses,
LGT-01,Light + power,Perimeter cove tape + channel,71.76,linear ft net,Lighting supplier + electrician,"2700K, CRI 90+ minimum; continuous diffused warm line. 71.7553 ft is derived from the current room-record polygon, including estimated bay segments. Separate feed runs and accessible matched drivers; no unsupported continuous-run assumption.","M-01 + M-03 + M-09 / M-10; replace the estimate with the field perimeter, then approve sample dimming, voltage-drop/run-length design and feed locations.",Sample + quote,Derived current shell perimeter; bay segments remain estimated,https://www.diodeled.com/blaze.html
LGT-02,Light + power,Arch backlight tape + channel,76.37,linear ft net,Lighting supplier + glazier,Current illustrated arches are 24 W × 80 / 86 / 92 / 86 / 80 H in. Net 76.3746 ft lights two vertical sides plus each 12 in radius semicircular head and excludes all bottom edges. Conceal individual feeds and leave removable access.,"Final field templates and supplier-approved bend, cut and channel detail; continuous curved light may require a different product from straight cove tape.",Sample + quote,Calculated from current proposed graduated arches,
LGT-03,Light + power,Ceiling inset perimeter backlight,32,linear ft net,Lighting supplier + glazier,Four sides of nominal 96 × 96 in ceiling inset; diffused 2700K line with source concealed from the seated view.,"Mirror support, service access and lighting detail coordinated before fabrication.",Sample + quote,Calculated from proposed inset,
LGT-04,Light + power,Shelf + counter accent tape,12,linear ft net,Lighting supplier + millworker,Two 48 in shelves plus one 48 in counter accent = 12 ft net; diffused 2700K lighting. Keep tape heat and driver access away from stored bottles and fridge intake.,BAR-01 + BAR-04 shop drawings and compatible driver/channel selected.,Sample + quote,Calculated from proposed bar,
LGT-05,Light + power,Main-room 4 in downlights,6,fixtures,Electrician,"Current illustration proposes six 2700K, CRI 90+ main-room downlights at x 36, 73 and 110 in on z 154 and 216 in, with black trim or a verified black-trim option. These proposed points avoid the 96 × 96 in ceiling mirror; confirm light distribution, fixture depth, driver space and ceiling ratings. BOO-03 separately carries two booth lights.","M-03 + M-09 / M-10; ceiling investigation, photometric review, fixture/dimmer test and lighting plan approved. Surface alternative requires visual approval if recessing cannot work.",Select + mock up,Current full-room illustration; six proposed main-room points,https://noralighting.com/product/nm4-rdc/
LGT-06,Light + power,Guitar-wall track + four heads,1,set,Electrician,"Black track, four adjustable 2700K CRI90+ heads proposed; compatible track/feed family. Aim to avoid screen, mirror and seated-eye glare.",Guitar elevation + ceiling support + electrical control choice approved.,Select + mock up,Current model proposed count4,
LGT-07,Light + power,Lighting control + matched drivers,1,engineered package,Electrician + AV,"Independently controllable cove, downlights, mirror glow, bar/shelves, guitar track and booth. One user scene interface. Reconcile earlier DMX requirement with current dimmer-system brief before selecting protocol.","M-09 / M-10; signed load/run schedule, fixture/dimmer compatibility, service access and camera/low-level dim tests.",Quote after samples,Control conflict remains open,https://www.diodeled.com/blaze.html
PWR-01,Light + power,Surveyed electrical + low-voltage work,1,scope,Electrician + AV,"Map panel/circuits and actual loads; plan AV, lights, fridge and general receptacles from survey. Label circuits. Separate Apollo/TV power arrangement per verified AV plan; diagnose hum before selecting remedies.",M-09 / M-10; licensed design and inspections as applicable. Never remove safety earth or treat a power strip as an isolation design.,Survey + quote,Current operational rules; no circuit schedule exists,
AV-01,Studio + guitars,Retained AV + plug-and-play commissioning,1,scope,AV engineer,"Retain verified PMC mains, HS8s, Turbosound PA/pole, interfaces, Trinnov, sub and member laptop station. PA stays north of the desk: verify actual base footprint, pole stability, aim and cable route; A01 uses the provisional 14 × 14 in source box. Korg always connected at seated height. Label R-01… at cable heads; print patch map; front Furman outlet free; Mac sleep disabled. Confirm both PMC envelopes inside the canted shell and the Korg bench clear of D-2; current plan flags these fit checks.","M-11 + M-14; cold-start, channel, hum, latency, monitor, PA coverage, booth and laptop tests pass; Trinnov/sub operating rule documented.",Quote now,Current brief + retained inventory,https://www.korg.com/us/products/synthesizers/grandstage_x/
BOO-01,Booth,Booth fabric/absorber work + cloud review,1,measured scope,Acoustician + carpenter,Retain existing drum/vocal function and glass separation. Evaluate six nominal 24 × 48 × 2 in wall panels plus one 48 × 48 in cloud as a provisional treatment study; preserve existing absorption until measured.,"M-05 + M-07 + M-14; approve actual coverage, response, fire-performance documentation, clearances and ceiling suspension.",Survey + quote,Current booth intent; quantities proposed,
BOO-02,Booth,Booth floor finish + retained rug,1,measured scope,Flooring,"Charcoal low-pile carpet tile or approved acoustic finish; keep existing Persian rug if serviceable. Trace curved wall and vestibule for takeoff; check slider tracks, thresholds and instrument access.",M-05 + M-08; selected flooring assembly approved for existing floor/substrate.,Sample + quote,Current booth element schedule,
BOO-03,Booth,Booth warm lights + service checks,2,downlights,Electrician + HVAC + AV,"Two proposed 4 in 2700K lights, separate control from lounge; retain working/task light in all scenes. Recheck HVAC airflow, noise, camera, TV, mic boom, rack and drum clearances.","M-03 + M-05 + M-09 / M-10 + M-06 / M-14; coordinate cloud, access and microphone positions.",Survey + quote,Current booth element schedule,
CLOSE-01,Complete,"Styling, spare materials + handover",1,scope,Lead builder + Greg,"Plant, restrained brass/black accessories and flameless candles. Keep labeled finish samples, spare flooring, LED product records, paint codes, as-built dimensions, patch/circuit maps and driver access photos.","Full punch list, operation test, cleaning and Greg's room walk-through complete.",After commissioning,Approved visual intent + new handover scope,
