task_id,accountability_status,lead,meeting_role,recommended_task,required_output,target_date,target_time,status,dependency,date_basis
1,Assigned,Anton,Planning and sourcing lead,Build the complete ready-to-order matrix,"For every item: source, all-in cost, quantity, exact place, fixing method, install time, arrival, owner",2026-10-02,9 or 11 AM unresolved,Required,None,Meeting planning deadline; detailed task timing recommended
2,Assigned,Anton,Planning and sourcing lead,"Return a revised total within the $25,000 cap","Total at or below $25,000 including tax, freight, labor, contingency and documentary allowance",2026-10-02,9 or 11 AM unresolved,Required,Quotes and offsets,Meeting planning deadline; detailed task timing recommended
3,Assigned,Elijah,Execution oversight,Confirm crew and room closure,"Named two-day crew, trade needs, work hours, access plan and release decision",2026-10-07,EOD,Conditional,Materials received and booking cleared,Recommended readiness target; not a meeting commitment
4,Assigned,Elijah,Execution oversight,Assign Joe a bounded support package,"Written task, deliverable, date and handback owner",2026-10-07,EOD,Open,Need defined by final install plan,Recommended readiness target; not a meeting commitment
5,Assigned,Taji,Day-to-day preparation,Measure and tape the room,"Verified rail, wall, door and footprint dimensions around the central furniture with storage access",2026-10-02,Before handoff,Required,Site access,Meeting planning deadline; detailed task timing recommended
6,Assigned,Taji,Day-to-day preparation,Stage tools and materials,"Phase-labeled staging list, floor protection, gear labels and missing-material report",2026-10-07,EOD,Conditional,Approved order package,Recommended readiness target; not a meeting commitment
7,Assigned,John Q,Construction and mounts,Specify attachments and service access,"Substrate, fixing, load, cable route, LED diffusion and service method per installed item",2026-10-02,Before ordering,Required,Field measurements and product data,Meeting planning deadline; detailed task timing recommended
8,Assigned,John Q,Construction and mounts,Assess ISO booth input 4 repair,"Fault check, resolder plan, tools, parts, test method and any trade escalation",2026-10-02,Before ordering,Required,Patch bay access,Meeting planning deadline; detailed task timing recommended
9,Decision,Greg and Jacob,Design and booking decisions,Choose compact cabinet or closet alternative,"Taped footprint, access check, visual selection and priced offset",2026-10-02,Before order release,Open,Measured floor mockup,Meeting planning deadline; detailed task timing recommended
10,Decision,Greg and Jacob,Design and booking decisions,Approve light-mode intent,Dark lounge primary mode and optional bright rehearsal sample accepted with control and diffusion notes,2026-10-02,Before fixture release,Open,Fixture and diffusion sample,Meeting planning deadline; detailed task timing recommended
11,Decision,Greg and Jacob,Design and booking decisions,Clear tentative room closure,Confirmed booking move and written Oct 8–9 room availability,2026-10-07,EOD,Tentative,Existing booking and arrivals,Recommended readiness target; not a meeting commitment
12,Pending assignment,Joe,Support role not assigned,Complete only the package Elijah assigns,Bounded support deliverable returned to Elijah,2026-10-09,TBD,Unassigned,Elijah assignment,Recommended working target; owner and timing require confirmation
13,Team,Anton with Taji and John Q,Core installation crew,Install released room scope,"Input 4 repair, approved finishes, mounts, rail fixtures, mirror film and central furniture placement",2026-10-08 to 2026-10-09,TBD,Tentative,"All deliveries in hand, crew set, booking cleared",Tentative meeting installation window; deliveries and booking dependent
14,Team,Elijah,Execution oversight,Commission both room modes,"Dark-primary and optional bright lighting, unchanged furniture, audio path, input 4, mounts, doors, gear and punch list tested",2026-10-10,TBD,Required,Installation complete,Recommended test day after tentative build; adjust if build shifts
15,Team,Anton,Planning and sourcing lead,Close actual costs and evidence,"Actual-spend ledger, variance, labels, photos, warranties and maintenance notes",2026-10-31,EOD,Required,Punch list closed,Fixed meeting completion deadline; end-of-day time recommended
16,Open,Anton with Greg,Cap reconciliation,Price new scope and identify offsets,"Quotes for rail fixtures, controls, diffusion, distress film, patch repair and optional booth work",2026-10-02,Before order release,Required,Recommend shrinking or deferring drinks counter first,Meeting planning deadline; detailed task timing recommended
17,Open,Greg and Elijah,Optional scope decision,Release or defer booth cosmetics,"Decision on carpet, velvet, plants and extra LEDs with full cost and install impact",2026-10-02,Before order release,Optional,Cap headroom and acoustic review,Meeting planning deadline; detailed task timing recommended
18,Open,Greg and Elijah,Optional scope decision,Release or defer outer shelving,"Decision on rollable shelves with dimensions, cost and assigned owner",2026-10-02,Before order release,Optional,Cap headroom and measured outer area,Meeting planning deadline; detailed task timing recommended
19,Team,Elijah,Fixed completion owner,Complete and dial in the room,"All defects closed, both modes operational, storage clear and handoff recorded",2026-10-31,EOD,Fixed,All required work complete,Fixed meeting completion deadline; end-of-day time recommended
